Workbook

Sheet Cover
A1: Today: | B1: =TODAY() -> 44762 | C1: {=AND(B1=B3:B8)} -> #VALUE!
A3: USDBRLFuture | B3: =MAX(USDBRLFuture!B:B) -> #VALUE!
A4: IBOVSPFuture | B4: =MAX(IBOVSPFuture!B:B) -> 0
A5: DI1Future | B5: =MAX(DI1Future!B:B) -> 0
A6: FRC | B6: =MAX(FRC!B:B) -> 0
A7: DDI | B7: =MAX('DDI Future'!B:B) -> 0
A8: DAP | B8: =MAX('DAP Future'!B:B) -> 0

Sheet USDBRLFuture
A1: Ativo | B1: DAJ | C1: AJUT | D1: AJU | E1: CAB | F1: CNG | G1: NEG
A2: DOLQ22 | B2: =_xll.BC($A$2,"DAJ") -> #BCONN | C2: =_xll.BC($A$2,"AJUT") -> #BCONN | D2: =_xll.BC($A$2,"AJU") -> #BCONN | E2: =_xll.BC($A$2,"CAB") -> #BCONN | F2: =_xll.BC($A$2,"CNG") -> #BCONN | G2: =_xll.BC($A$2,"NEG") -> #BCONN
A3: WDOQ22 | B3: =_xll.BC($A$3,"DAJ") -> #BCONN | C3: =_xll.BC($A$3,"AJUT") -> #BCONN | D3: =_xll.BC($A$3,"AJU") -> #BCONN | E3: =_xll.BC($A$3,"CAB") -> #BCONN | F3: =_xll.BC($A$3,"CNG") -> #BCONN | G3: =_xll.BC($A$3,"NEG") -> #BCONN
A4: DOLU22 | B4: =_xll.BC($A$4,"DAJ") -> #BCONN | C4: =_xll.BC($A$4,"AJUT") -> #BCONN | D4: =_xll.BC($A$4,"AJU") -> #BCONN | E4: =_xll.BC($A$4,"CAB") -> #BCONN | F4: =_xll.BC($A$4,"CNG") -> #BCONN | G4: =_xll.BC($A$4,"NEG") -> #BCONN
A5: WDOU22 | B5: =_xll.BC($A$5,"DAJ") -> #BCONN | C5: =_xll.BC($A$5,"AJUT") -> #BCONN | D5: =_xll.BC($A$5,"AJU") -> #BCONN | E5: =_xll.BC($A$5,"CAB") -> #BCONN | F5: =_xll.BC($A$5,"CNG") -> #BCONN | G5: =_xll.BC($A$5,"NEG") -> #BCONN
A6: WDOV22 | B6: =_xll.BC($A$6,"DAJ") -> #BCONN | C6: =_xll.BC($A$6,"AJUT") -> #BCONN | D6: =_xll.BC($A$6,"AJU") -> #BCONN | E6: =_xll.BC($A$6,"CAB") -> #BCONN | F6: =_xll.BC($A$6,"CNG") -> #BCONN | G6: =_xll.BC($A$6,"NEG") -> #BCONN
A7: DOLV22 | B7: =_xll.BC($A$7,"DAJ") -> #BCONN | C7: =_xll.BC($A$7,"AJUT") -> #BCONN | D7: =_xll.BC($A$7,"AJU") -> #BCONN | E7: =_xll.BC($A$7,"CAB") -> #BCONN | F7: =_xll.BC($A$7,"CNG") -> #BCONN | G7: =_xll.BC($A$7,"NEG") -> #BCONN
A8: DOLX22 | B8: =_xll.BC($A$8,"DAJ") -> #BCONN | C8: =_xll.BC($A$8,"AJUT") -> #BCONN | D8: =_xll.BC($A$8,"AJU") -> #BCONN | E8: =_xll.BC($A$8,"CAB") -> #BCONN | F8: =_xll.BC($A$8,"CNG") -> #BCONN | G8: =_xll.BC($A$8,"NEG") -> #BCONN
A9: WDOX22 | B9: =_xll.BC($A$9,"DAJ") -> #BCONN | C9: =_xll.BC($A$9,"AJUT") -> #BCONN | D9: =_xll.BC($A$9,"AJU") -> #BCONN | E9: =_xll.BC($A$9,"CAB") -> #BCONN | F9: =_xll.BC($A$9,"CNG") -> #BCONN | G9: =_xll.BC($A$9,"NEG") -> #BCONN
A10: WDOZ22 | B10: =_xll.BC($A$10,"DAJ") -> #BCONN | C10: =_xll.BC($A$10,"AJUT") -> #BCONN | D10: =_xll.BC($A$10,"AJU") -> #BCONN | E10: =_xll.BC($A$10,"CAB") -> #BCONN | F10: =_xll.BC($A$10,"CNG") -> #BCONN | G10: =_xll.BC($A$10,"NEG") -> #BCONN
A11: DOLZ22 | B11: =_xll.BC($A$11,"DAJ") -> #BCONN | C11: =_xll.BC($A$11,"AJUT") -> #BCONN | D11: =_xll.BC($A$11,"AJU") -> #BCONN | E11: =_xll.BC($A$11,"CAB") -> #BCONN | F11: =_xll.BC($A$11,"CNG") -> #BCONN | G11: =_xll.BC($A$11,"NEG") -> #BCONN
A12: DOLF23 | B12: =_xll.BC($A$12,"DAJ") -> #BCONN | C12: =_xll.BC($A$12,"AJUT") -> #BCONN | D12: =_xll.BC($A$12,"AJU") -> #BCONN | E12: =_xll.BC($A$12,"CAB") -> #BCONN | F12: =_xll.BC($A$12,"CNG") -> #BCONN | G12: =_xll.BC($A$12,"NEG") -> #BCONN
A13: WDOF23 | B13: =_xll.BC($A$13,"DAJ") -> #BCONN | C13: =_xll.BC($A$13,"AJUT") -> #BCONN | D13: =_xll.BC($A$13,"AJU") -> #BCONN | E13: =_xll.BC($A$13,"CAB") -> #BCONN | F13: =_xll.BC($A$13,"CNG") -> #BCONN | G13: =_xll.BC($A$13,"NEG") -> #BCONN
A14: DOLG23 | B14: =_xll.BC($A$14,"DAJ") -> #BCONN | C14: =_xll.BC($A$14,"AJUT") -> #BCONN | D14: =_xll.BC($A$14,"AJU") -> #BCONN | E14: =_xll.BC($A$14,"CAB") -> #BCONN | F14: =_xll.BC($A$14,"CNG") -> #BCONN | G14: =_xll.BC($A$14,"NEG") -> #BCONN
A15: DOLH23 | B15: =_xll.BC($A$15,"DAJ") -> #BCONN | C15: =_xll.BC($A$15,"AJUT") -> #VALUE! | D15: =_xll.BC($A$15,"AJU") -> #VALUE! | E15: =_xll.BC($A$15,"CAB") -> #VALUE! | F15: =_xll.BC($A$15,"CNG") -> #VALUE! | G15: =_xll.BC($A$15,"NEG") -> #VALUE!
A16: DOLJ23 | B16: =_xll.BC($A$16,"DAJ") -> #VALUE! | C16: =_xll.BC($A$16,"AJUT") -> #VALUE! | D16: =_xll.BC($A$16,"AJU") -> #VALUE! | E16: =_xll.BC($A$16,"CAB") -> #VALUE! | F16: =_xll.BC($A$16,"CNG") -> #VALUE! | G16: =_xll.BC($A$16,"NEG") -> #VALUE!
A17: WDOJ23 | B17: =_xll.BC($A$17,"DAJ") -> #VALUE! | C17: =_xll.BC($A$17,"AJUT") -> #VALUE! | D17: =_xll.BC($A$17,"AJU") -> #VALUE! | E17: =_xll.BC($A$17,"CAB") -> #VALUE! | F17: =_xll.BC($A$17,"CNG") -> #VALUE! | G17: =_xll.BC($A$17,"NEG") -> #VALUE!
A18: DOLK23 | B18: =_xll.BC($A$18,"DAJ") -> #VALUE! | C18: =_xll.BC($A$18,"AJUT") -> #VALUE! | D18: =_xll.BC($A$18,"AJU") -> #VALUE! | E18: =_xll.BC($A$18,"CAB") -> #VALUE! | F18: =_xll.BC($A$18,"CNG") -> #VALUE! | G18: =_xll.BC($A$18,"NEG") -> #VALUE!
A19: DOLM23 | B19: =_xll.BC($A$19,"DAJ") -> #VALUE! | C19: =_xll.BC($A$19,"AJUT") -> #VALUE! | D19: =_xll.BC($A$19,"AJU") -> #VALUE! | E19: =_xll.BC($A$19,"CAB") -> #VALUE! | F19: =_xll.BC($A$19,"CNG") -> #VALUE! | G19: =_xll.BC($A$19,"NEG") -> #VALUE!
A20: DOLN23 | B20: =_xll.BC($A$20,"DAJ") -> #VALUE! | C20: =_xll.BC($A$20,"AJUT") -> #VALUE! | D20: =_xll.BC($A$20,"AJU") -> #VALUE! | E20: =_xll.BC($A$20,"CAB") -> #VALUE! | F20: =_xll.BC($A$20,"CNG") -> #VALUE! | G20: =_xll.BC($A$20,"NEG") -> #VALUE!
A21: DOLV23 | B21: =_xll.BC($A$21,"DAJ") -> #VALUE! | C21: =_xll.BC($A$21,"AJUT") -> #VALUE! | D21: =_xll.BC($A$21,"AJU") -> #VALUE! | E21: =_xll.BC($A$21,"CAB") -> #VALUE! | F21: =_xll.BC($A$21,"CNG") -> #VALUE! | G21: =_xll.BC($A$21,"NEG") -> #VALUE!
A22: WDOV23 | B22: =_xll.BC($A$22,"DAJ") -> #VALUE! | C22: =_xll.BC($A$22,"AJUT") -> #VALUE! | D22: =_xll.BC($A$22,"AJU") -> #VALUE! | E22: =_xll.BC($A$22,"CAB") -> #VALUE! | F22: =_xll.BC($A$22,"CNG") -> #VALUE! | G22: =_xll.BC($A$22,"NEG") -> #VALUE!
A23: WDOF24 | B23: =_xll.BC($A$23,"DAJ") -> #VALUE! | C23: =_xll.BC($A$23,"AJUT") -> #VALUE! | D23: =_xll.BC($A$23,"AJU") -> #VALUE! | E23: =_xll.BC($A$23,"CAB") -> #VALUE! | F23: =_xll.BC($A$23,"CNG") -> #VALUE! | G23: =_xll.BC($A$23,"NEG") -> #VALUE!
A24: DOLF24 | B24: =_xll.BC($A$24,"DAJ") -> #VALUE! | C24: =_xll.BC($A$24,"AJUT") -> #VALUE! | D24: =_xll.BC($A$24,"AJU") -> #VALUE! | E24: =_xll.BC($A$24,"CAB") -> #VALUE! | F24: =_xll.BC($A$24,"CNG") -> #VALUE! | G24: =_xll.BC($A$24,"NEG") -> #VALUE!
A25: DOLJ24 | B25: =_xll.BC($A$25,"DAJ") -> #VALUE! | C25: =_xll.BC($A$25,"AJUT") -> #VALUE! | D25: =_xll.BC($A$25,"AJU") -> #VALUE! | E25: =_xll.BC($A$25,"CAB") -> #VALUE! | F25: =_xll.BC($A$25,"CNG") -> #VALUE! | G25: =_xll.BC($A$25,"NEG") -> #VALUE!
A26: DOLN24 | B26: =_xll.BC($A$26,"DAJ") -> #VALUE! | C26: =_xll.BC($A$26,"AJUT") -> #VALUE! | D26: =_xll.BC($A$26,"AJU") -> #VALUE! | E26: =_xll.BC($A$26,"CAB") -> #VALUE! | F26: =_xll.BC($A$26,"CNG") -> #VALUE! | G26: =_xll.BC($A$26,"NEG") -> #VALUE!
A27: DOLV24 | B27: =_xll.BC($A$27,"DAJ") -> #VALUE! | C27: =_xll.BC($A$27,"AJUT") -> #VALUE! | D27: =_xll.BC($A$27,"AJU") -> #VALUE! | E27: =_xll.BC($A$27,"CAB") -> #VALUE! | F27: =_xll.BC($A$27,"CNG") -> #VALUE! | G27: =_xll.BC($A$27,"NEG") -> #VALUE!
A28: DOLF25 | B28: =_xll.BC($A$28,"DAJ") -> #VALUE! | C28: =_xll.BC($A$28,"AJUT") -> #VALUE! | D28: =_xll.BC($A$28,"AJU") -> #VALUE! | E28: =_xll.BC($A$28,"CAB") -> #VALUE! | F28: =_xll.BC($A$28,"CNG") -> #VALUE! | G28: =_xll.BC($A$28,"NEG") -> #VALUE!
A29: WDOF25 | B29: =_xll.BC($A$29,"DAJ") -> #VALUE! | C29: =_xll.BC($A$29,"AJUT") -> #VALUE! | D29: =_xll.BC($A$29,"AJU") -> #VALUE! | E29: =_xll.BC($A$29,"CAB") -> #VALUE! | F29: =_xll.BC($A$29,"CNG") -> #VALUE! | G29: =_xll.BC($A$29,"NEG") -> #VALUE!
A30: DOLJ25 | B30: =_xll.BC($A$30,"DAJ") -> #VALUE! | C30: =_xll.BC($A$30,"AJUT") -> #VALUE! | D30: =_xll.BC($A$30,"AJU") -> #VALUE! | E30: =_xll.BC($A$30,"CAB") -> #VALUE! | F30: =_xll.BC($A$30,"CNG") -> #VALUE! | G30: =_xll.BC($A$30,"NEG") -> #VALUE!
A31: DOLN25 | B31: =_xll.BC($A$31,"DAJ") -> #VALUE! | C31: =_xll.BC($A$31,"AJUT") -> #VALUE! | D31: =_xll.BC($A$31,"AJU") -> #VALUE! | E31: =_xll.BC($A$31,"CAB") -> #VALUE! | F31: =_xll.BC($A$31,"CNG") -> #VALUE! | G31: =_xll.BC($A$31,"NEG") -> #VALUE!

Sheet IBOVSPFuture
A1: Ativo | B1: DAJ | C1: AJUT | D1: AJU | E1: CAB | F1: CNG | G1: NEG
A2: INDQ22 | B2: =_xll.BC($A$2,"DAJ") -> #BCONN | C2: =_xll.BC($A$2,"AJUT") -> #BCONN | D2: =_xll.BC($A$2,"AJU") -> #BCONN | E2: =_xll.BC($A$2,"CAB") -> #BCONN | F2: =_xll.BC($A$2,"CNG") -> #BCONN | G2: =_xll.BC($A$2,"NEG") -> #BCONN
A3: WINQ22 | B3: =_xll.BC($A$3,"DAJ") -> #BCONN | C3: =_xll.BC($A$3,"AJUT") -> #BCONN | D3: =_xll.BC($A$3,"AJU") -> #BCONN | E3: =_xll.BC($A$3,"CAB") -> #BCONN | F3: =_xll.BC($A$3,"CNG") -> #BCONN | G3: =_xll.BC($A$3,"NEG") -> #BCONN
A4: WINV22 | B4: =_xll.BC($A$4,"DAJ") -> #BCONN | C4: =_xll.BC($A$4,"AJUT") -> #BCONN | D4: =_xll.BC($A$4,"AJU") -> #BCONN | E4: =_xll.BC($A$4,"CAB") -> #BCONN | F4: =_xll.BC($A$4,"CNG") -> #BCONN | G4: =_xll.BC($A$4,"NEG") -> #BCONN
A5: INDV22 | B5: =_xll.BC($A$5,"DAJ") -> #BCONN | C5: =_xll.BC($A$5,"AJUT") -> #BCONN | D5: =_xll.BC($A$5,"AJU") -> #BCONN | E5: =_xll.BC($A$5,"CAB") -> #BCONN | F5: =_xll.BC($A$5,"CNG") -> #BCONN | G5: =_xll.BC($A$5,"NEG") -> #BCONN
A6: INDZ22 | B6: =_xll.BC($A$6,"DAJ") -> #BCONN | C6: =_xll.BC($A$6,"AJUT") -> #BCONN | D6: =_xll.BC($A$6,"AJU") -> #BCONN | E6: =_xll.BC($A$6,"CAB") -> #BCONN | F6: =_xll.BC($A$6,"CNG") -> #BCONN | G6: =_xll.BC($A$6,"NEG") -> #BCONN
A7: WINZ22 | B7: =_xll.BC($A$7,"DAJ") -> #BCONN | C7: =_xll.BC($A$7,"AJUT") -> #BCONN | D7: =_xll.BC($A$7,"AJU") -> #BCONN | E7: =_xll.BC($A$7,"CAB") -> #BCONN | F7: =_xll.BC($A$7,"CNG") -> #BCONN | G7: =_xll.BC($A$7,"NEG") -> #BCONN
A8: WING23 | B8: =_xll.BC($A$8,"DAJ") -> #BCONN | C8: =_xll.BC($A$8,"AJUT") -> #BCONN | D8: =_xll.BC($A$8,"AJU") -> #BCONN | E8: =_xll.BC($A$8,"CAB") -> #BCONN | F8: =_xll.BC($A$8,"CNG") -> #BCONN | G8: =_xll.BC($A$8,"NEG") -> #BCONN
A9: INDG23 | B9: =_xll.BC($A$9,"DAJ") -> #BCONN | C9: =_xll.BC($A$9,"AJUT") -> #BCONN | D9: =_xll.BC($A$9,"AJU") -> #BCONN | E9: =_xll.BC($A$9,"CAB") -> #BCONN | F9: =_xll.BC($A$9,"CNG") -> #BCONN | G9: =_xll.BC($A$9,"NEG") -> #BCONN
A10: INDJ23 | B10: =_xll.BC($A$10,"DAJ") -> #BCONN | C10: =_xll.BC($A$10,"AJUT") -> #BCONN | D10: =_xll.BC($A$10,"AJU") -> #BCONN | E10: =_xll.BC($A$10,"CAB") -> #BCONN | F10: =_xll.BC($A$10,"CNG") -> #BCONN | G10: =_xll.BC($A$10,"NEG") -> #BCONN
A11: WINJ23 | B11: =_xll.BC($A$11,"DAJ") -> #BCONN | C11: =_xll.BC($A$11,"AJUT") -> #BCONN | D11: =_xll.BC($A$11,"AJU") -> #BCONN | E11: =_xll.BC($A$11,"CAB") -> #BCONN | F11: =_xll.BC($A$11,"CNG") -> #BCONN | G11: =_xll.BC($A$11,"NEG") -> #BCONN
A12: WINM23 | B12: =_xll.BC($A$12,"DAJ") -> #BCONN | C12: =_xll.BC($A$12,"AJUT") -> #BCONN | D12: =_xll.BC($A$12,"AJU") -> #BCONN | E12: =_xll.BC($A$12,"CAB") -> #BCONN | F12: =_xll.BC($A$12,"CNG") -> #BCONN | G12: =_xll.BC($A$12,"NEG") -> #BCONN
A13: INDM23 | B13: =_xll.BC($A$13,"DAJ") -> #BCONN | C13: =_xll.BC($A$13,"AJUT") -> #BCONN | D13: =_xll.BC($A$13,"AJU") -> #BCONN | E13: =_xll.BC($A$13,"CAB") -> #BCONN | F13: =_xll.BC($A$13,"CNG") -> #BCONN | G13: =_xll.BC($A$13,"NEG") -> #BCONN
A14: INDQ23 | B14: =_xll.BC($A$14,"DAJ") -> #BCONN | C14: =_xll.BC($A$14,"AJUT") -> #BCONN | D14: =_xll.BC($A$14,"AJU") -> #BCONN | E14: =_xll.BC($A$14,"CAB") -> #BCONN | F14: =_xll.BC($A$14,"CNG") -> #BCONN | G14: =_xll.BC($A$14,"NEG") -> #BCONN
A15: WINQ23 | B15: =_xll.BC($A$15,"DAJ") -> #BCONN | C15: =_xll.BC($A$15,"AJUT") -> #BCONN | D15: =_xll.BC($A$15,"AJU") -> #BCONN | E15: =_xll.BC($A$15,"CAB") -> #BCONN | F15: =_xll.BC($A$15,"CNG") -> #BCONN | G15: =_xll.BC($A$15,"NEG") -> #BCONN
A16: WINV23 | B16: =_xll.BC($A$16,"DAJ") -> #BCONN | C16: =_xll.BC($A$16,"AJUT") -> #BCONN | D16: =_xll.BC($A$16,"AJU") -> #BCONN | E16: =_xll.BC($A$16,"CAB") -> #BCONN | F16: =_xll.BC($A$16,"CNG") -> #BCONN | G16: =_xll.BC($A$16,"NEG") -> #BCONN
A17: INDV23 | B17: =_xll.BC($A$17,"DAJ") -> #BCONN | C17: =_xll.BC($A$17,"AJUT") -> #BCONN | D17: =_xll.BC($A$17,"AJU") -> #BCONN | E17: =_xll.BC($A$17,"CAB") -> #BCONN | F17: =_xll.BC($A$17,"CNG") -> #BCONN | G17: =_xll.BC($A$17,"NEG") -> #BCONN
A18: INDZ23 | B18: =_xll.BC($A$18,"DAJ") -> #BCONN | C18: =_xll.BC($A$18,"AJUT") -> #BCONN | D18: =_xll.BC($A$18,"AJU") -> #BCONN | E18: =_xll.BC($A$18,"CAB") -> #BCONN | F18: =_xll.BC($A$18,"CNG") -> #BCONN | G18: =_xll.BC($A$18,"NEG") -> #BCONN
A19: WINZ23 | B19: =_xll.BC($A$19,"DAJ") -> #BCONN | C19: =_xll.BC($A$19,"AJUT") -> #BCONN | D19: =_xll.BC($A$19,"AJU") -> #BCONN | E19: =_xll.BC($A$19,"CAB") -> #BCONN | F19: =_xll.BC($A$19,"CNG") -> #BCONN | G19: =_xll.BC($A$19,"NEG") -> #BCONN
A20: WING24 | B20: =_xll.BC($A$20,"DAJ") -> #BCONN | C20: =_xll.BC($A$20,"AJUT") -> #BCONN | D20: =_xll.BC($A$20,"AJU") -> #BCONN | E20: =_xll.BC($A$20,"CAB") -> #BCONN | F20: =_xll.BC($A$20,"CNG") -> #BCONN | G20: =_xll.BC($A$20,"NEG") -> #BCONN
A21: INDG24 | B21: =_xll.BC($A$21,"DAJ") -> #BCONN | C21: =_xll.BC($A$21,"AJUT") -> #BCONN | D21: =_xll.BC($A$21,"AJU") -> #BCONN | E21: =_xll.BC($A$21,"CAB") -> #BCONN | F21: =_xll.BC($A$21,"CNG") -> #BCONN | G21: =_xll.BC($A$21,"NEG") -> #BCONN
A22: INDJ24 | B22: =_xll.BC($A$22,"DAJ") -> #BCONN | C22: =_xll.BC($A$22,"AJUT") -> #BCONN | D22: =_xll.BC($A$22,"AJU") -> #BCONN | E22: =_xll.BC($A$22,"CAB") -> #BCONN | F22: =_xll.BC($A$22,"CNG") -> #BCONN | G22: =_xll.BC($A$22,"NEG") -> #BCONN
A23: WINJ24 | B23: =_xll.BC($A$23,"DAJ") -> #BCONN | C23: =_xll.BC($A$23,"AJUT") -> #BCONN | D23: =_xll.BC($A$23,"AJU") -> #BCONN | E23: =_xll.BC($A$23,"CAB") -> #BCONN | F23: =_xll.BC($A$23,"CNG") -> #BCONN | G23: =_xll.BC($A$23,"NEG") -> #BCONN
A24: WINM24 | B24: =_xll.BC($A$24,"DAJ") -> #BCONN | C24: =_xll.BC($A$24,"AJUT") -> #BCONN | D24: =_xll.BC($A$24,"AJU") -> #BCONN | E24: =_xll.BC($A$24,"CAB") -> #BCONN | F24: =_xll.BC($A$24,"CNG") -> #BCONN | G24: =_xll.BC($A$24,"NEG") -> #BCONN
A25: INDM24 | B25: =_xll.BC($A$25,"DAJ") -> #BCONN | C25: =_xll.BC($A$25,"AJUT") -> #BCONN | D25: =_xll.BC($A$25,"AJU") -> #BCONN | E25: =_xll.BC($A$25,"CAB") -> #BCONN | F25: =_xll.BC($A$25,"CNG") -> #BCONN | G25: =_xll.BC($A$25,"NEG") -> #BCONN
A26: INDQ24 | B26: =_xll.BC($A$26,"DAJ") -> #BCONN | C26: =_xll.BC($A$26,"AJUT") -> #BCONN | D26: =_xll.BC($A$26,"AJU") -> #BCONN | E26: =_xll.BC($A$26,"CAB") -> #BCONN | F26: =_xll.BC($A$26,"CNG") -> #BCONN | G26: =_xll.BC($A$26,"NEG") -> #BCONN
A27: WINQ24 | B27: =_xll.BC($A$27,"DAJ") -> #BCONN | C27: =_xll.BC($A$27,"AJUT") -> #BCONN | D27: =_xll.BC($A$27,"AJU") -> #BCONN | E27: =_xll.BC($A$27,"CAB") -> #BCONN | F27: =_xll.BC($A$27,"CNG") -> #BCONN | G27: =_xll.BC($A$27,"NEG") -> #BCONN

Sheet DI1Future
A1: Ativo | B1: DAJ | C1: AJUT | D1: AJU | E1: CAB | F1: CNG | G1: NEG
A2: DI1Q22 | B2: =_xll.BC($A$2,"DAJ") -> #BCONN | C2: =_xll.BC($A$2,"AJUT") -> #BCONN | D2: =_xll.BC($A$2,"AJU") -> #BCONN | E2: =_xll.BC($A$2,"CAB") -> #BCONN | F2: =_xll.BC($A$2,"CNG") -> #BCONN | G2: =_xll.BC($A$2,"NEG") -> #BCONN
A3: DI1U22 | B3: =_xll.BC($A$3,"DAJ") -> #BCONN | C3: =_xll.BC($A$3,"AJUT") -> #BCONN | D3: =_xll.BC($A$3,"AJU") -> #BCONN | E3: =_xll.BC($A$3,"CAB") -> #BCONN | F3: =_xll.BC($A$3,"CNG") -> #BCONN | G3: =_xll.BC($A$3,"NEG") -> #BCONN
A4: DI1V22 | B4: =_xll.BC($A$4,"DAJ") -> #BCONN | C4: =_xll.BC($A$4,"AJUT") -> #BCONN | D4: =_xll.BC($A$4,"AJU") -> #BCONN | E4: =_xll.BC($A$4,"CAB") -> #BCONN | F4: =_xll.BC($A$4,"CNG") -> #BCONN | G4: =_xll.BC($A$4,"NEG") -> #BCONN
A5: DI1X22 | B5: =_xll.BC($A$5,"DAJ") -> #BCONN | C5: =_xll.BC($A$5,"AJUT") -> #BCONN | D5: =_xll.BC($A$5,"AJU") -> #BCONN | E5: =_xll.BC($A$5,"CAB") -> #BCONN | F5: =_xll.BC($A$5,"CNG") -> #BCONN | G5: =_xll.BC($A$5,"NEG") -> #BCONN
A6: DI1Z22 | B6: =_xll.BC($A$6,"DAJ") -> #BCONN | C6: =_xll.BC($A$6,"AJUT") -> #BCONN | D6: =_xll.BC($A$6,"AJU") -> #BCONN | E6: =_xll.BC($A$6,"CAB") -> #BCONN | F6: =_xll.BC($A$6,"CNG") -> #BCONN | G6: =_xll.BC($A$6,"NEG") -> #BCONN
A7: DI1F23 | B7: =_xll.BC($A$7,"DAJ") -> #BCONN | C7: =_xll.BC($A$7,"AJUT") -> #BCONN | D7: =_xll.BC($A$7,"AJU") -> #BCONN | E7: =_xll.BC($A$7,"CAB") -> #BCONN | F7: =_xll.BC($A$7,"CNG") -> #BCONN | G7: =_xll.BC($A$7,"NEG") -> #BCONN
A8: DI1G23 | B8: =_xll.BC($A$8,"DAJ") -> #BCONN | C8: =_xll.BC($A$8,"AJUT") -> #BCONN | D8: =_xll.BC($A$8,"AJU") -> #BCONN | E8: =_xll.BC($A$8,"CAB") -> #BCONN | F8: =_xll.BC($A$8,"CNG") -> #BCONN | G8: =_xll.BC($A$8,"NEG") -> #BCONN
A9: DI1H23 | B9: =_xll.BC($A$9,"DAJ") -> #BCONN | C9: =_xll.BC($A$9,"AJUT") -> #BCONN | D9: =_xll.BC($A$9,"AJU") -> #BCONN | E9: =_xll.BC($A$9,"CAB") -> #BCONN | F9: =_xll.BC($A$9,"CNG") -> #BCONN | G9: =_xll.BC($A$9,"NEG") -> #BCONN
A10: DI1J23 | B10: =_xll.BC($A$10,"DAJ") -> #BCONN | C10: =_xll.BC($A$10,"AJUT") -> #BCONN | D10: =_xll.BC($A$10,"AJU") -> #BCONN | E10: =_xll.BC($A$10,"CAB") -> #BCONN | F10: =_xll.BC($A$10,"CNG") -> #BCONN | G10: =_xll.BC($A$10,"NEG") -> #BCONN
A11: DI1K23 | B11: =_xll.BC($A$11,"DAJ") -> #BCONN | C11: =_xll.BC($A$11,"AJUT") -> #BCONN | D11: =_xll.BC($A$11,"AJU") -> #BCONN | E11: =_xll.BC($A$11,"CAB") -> #BCONN | F11: =_xll.BC($A$11,"CNG") -> #BCONN | G11: =_xll.BC($A$11,"NEG") -> #BCONN
A12: DI1M23 | B12: =_xll.BC($A$12,"DAJ") -> #BCONN | C12: =_xll.BC($A$12,"AJUT") -> #BCONN | D12: =_xll.BC($A$12,"AJU") -> #BCONN | E12: =_xll.BC($A$12,"CAB") -> #BCONN | F12: =_xll.BC($A$12,"CNG") -> #BCONN | G12: =_xll.BC($A$12,"NEG") -> #BCONN
A13: DI1N23 | B13: =_xll.BC($A$13,"DAJ") -> #BCONN | C13: =_xll.BC($A$13,"AJUT") -> #BCONN | D13: =_xll.BC($A$13,"AJU") -> #BCONN | E13: =_xll.BC($A$13,"CAB") -> #BCONN | F13: =_xll.BC($A$13,"CNG") -> #BCONN | G13: =_xll.BC($A$13,"NEG") -> #BCONN
A14: DI1V23 | B14: =_xll.BC($A$14,"DAJ") -> #BCONN | C14: =_xll.BC($A$14,"AJUT") -> #BCONN | D14: =_xll.BC($A$14,"AJU") -> #BCONN | E14: =_xll.BC($A$14,"CAB") -> #BCONN | F14: =_xll.BC($A$14,"CNG") -> #BCONN | G14: =_xll.BC($A$14,"NEG") -> #BCONN
A15: DI1F24 | B15: =_xll.BC($A$15,"DAJ") -> #BCONN | C15: =_xll.BC($A$15,"AJUT") -> #BCONN | D15: =_xll.BC($A$15,"AJU") -> #BCONN | E15: =_xll.BC($A$15,"CAB") -> #BCONN | F15: =_xll.BC($A$15,"CNG") -> #BCONN | G15: =_xll.BC($A$15,"NEG") -> #BCONN
A16: DI1J24 | B16: =_xll.BC($A$16,"DAJ") -> #BCONN | C16: =_xll.BC($A$16,"AJUT") -> #BCONN | D16: =_xll.BC($A$16,"AJU") -> #BCONN | E16: =_xll.BC($A$16,"CAB") -> #BCONN | F16: =_xll.BC($A$16,"CNG") -> #BCONN | G16: =_xll.BC($A$16,"NEG") -> #BCONN
A17: DI1N24 | B17: =_xll.BC($A$17,"DAJ") -> #BCONN | C17: =_xll.BC($A$17,"AJUT") -> #BCONN | D17: =_xll.BC($A$17,"AJU") -> #BCONN | E17: =_xll.BC($A$17,"CAB") -> #BCONN | F17: =_xll.BC($A$17,"CNG") -> #BCONN | G17: =_xll.BC($A$17,"NEG") -> #BCONN
A18: DI1V24 | B18: =_xll.BC($A$18,"DAJ") -> #BCONN | C18: =_xll.BC($A$18,"AJUT") -> #BCONN | D18: =_xll.BC($A$18,"AJU") -> #BCONN | E18: =_xll.BC($A$18,"CAB") -> #BCONN | F18: =_xll.BC($A$18,"CNG") -> #BCONN | G18: =_xll.BC($A$18,"NEG") -> #BCONN
A19: DI1F25 | B19: =_xll.BC($A$19,"DAJ") -> #BCONN | C19: =_xll.BC($A$19,"AJUT") -> #BCONN | D19: =_xll.BC($A$19,"AJU") -> #BCONN | E19: =_xll.BC($A$19,"CAB") -> #BCONN | F19: =_xll.BC($A$19,"CNG") -> #BCONN | G19: =_xll.BC($A$19,"NEG") -> #BCONN
A20: DI1J25 | B20: =_xll.BC($A$20,"DAJ") -> #BCONN | C20: =_xll.BC($A$20,"AJUT") -> #BCONN | D20: =_xll.BC($A$20,"AJU") -> #BCONN | E20: =_xll.BC($A$20,"CAB") -> #BCONN | F20: =_xll.BC($A$20,"CNG") -> #BCONN | G20: =_xll.BC($A$20,"NEG") -> #BCONN
A21: DI1N25 | B21: =_xll.BC($A$21,"DAJ") -> #BCONN | C21: =_xll.BC($A$21,"AJUT") -> #BCONN | D21: =_xll.BC($A$21,"AJU") -> #BCONN | E21: =_xll.BC($A$21,"CAB") -> #BCONN | F21: =_xll.BC($A$21,"CNG") -> #BCONN | G21: =_xll.BC($A$21,"NEG") -> #BCONN
A22: DI1V25 | B22: =_xll.BC($A$22,"DAJ") -> #BCONN | C22: =_xll.BC($A$22,"AJUT") -> #BCONN | D22: =_xll.BC($A$22,"AJU") -> #BCONN | E22: =_xll.BC($A$22,"CAB") -> #BCONN | F22: =_xll.BC($A$22,"CNG") -> #BCONN | G22: =_xll.BC($A$22,"NEG") -> #BCONN
A23: DI1F26 | B23: =_xll.BC($A$23,"DAJ") -> #BCONN | C23: =_xll.BC($A$23,"AJUT") -> #BCONN | D23: =_xll.BC($A$23,"AJU") -> #BCONN | E23: =_xll.BC($A$23,"CAB") -> #BCONN | F23: =_xll.BC($A$23,"CNG") -> #BCONN | G23: =_xll.BC($A$23,"NEG") -> #BCONN
A24: DI1J26 | B24: =_xll.BC($A$24,"DAJ") -> #BCONN | C24: =_xll.BC($A$24,"AJUT") -> #BCONN | D24: =_xll.BC($A$24,"AJU") -> #BCONN | E24: =_xll.BC($A$24,"CAB") -> #BCONN | F24: =_xll.BC($A$24,"CNG") -> #BCONN | G24: =_xll.BC($A$24,"NEG") -> #BCONN
A25: DI1N26 | B25: =_xll.BC($A$25,"DAJ") -> #BCONN | C25: =_xll.BC($A$25,"AJUT") -> #BCONN | D25: =_xll.BC($A$25,"AJU") -> #BCONN | E25: =_xll.BC($A$25,"CAB") -> #BCONN | F25: =_xll.BC($A$25,"CNG") -> #BCONN | G25: =_xll.BC($A$25,"NEG") -> #BCONN
A26: DI1V26 | B26: =_xll.BC($A$26,"DAJ") -> #BCONN | C26: =_xll.BC($A$26,"AJUT") -> #BCONN | D26: =_xll.BC($A$26,"AJU") -> #BCONN | E26: =_xll.BC($A$26,"CAB") -> #BCONN | F26: =_xll.BC($A$26,"CNG") -> #BCONN | G26: =_xll.BC($A$26,"NEG") -> #BCONN
A27: DI1F27 | B27: =_xll.BC($A$27,"DAJ") -> #BCONN | C27: =_xll.BC($A$27,"AJUT") -> #BCONN | D27: =_xll.BC($A$27,"AJU") -> #BCONN | E27: =_xll.BC($A$27,"CAB") -> #BCONN | F27: =_xll.BC($A$27,"CNG") -> #BCONN | G27: =_xll.BC($A$27,"NEG") -> #BCONN
A28: DI1J27 | B28: =_xll.BC($A$28,"DAJ") -> #BCONN | C28: =_xll.BC($A$28,"AJUT") -> #BCONN | D28: =_xll.BC($A$28,"AJU") -> #BCONN | E28: =_xll.BC($A$28,"CAB") -> #BCONN | F28: =_xll.BC($A$28,"CNG") -> #BCONN | G28: =_xll.BC($A$28,"NEG") -> #BCONN
A29: DI1N27 | B29: =_xll.BC($A$29,"DAJ") -> #BCONN | C29: =_xll.BC($A$29,"AJUT") -> #BCONN | D29: =_xll.BC($A$29,"AJU") -> #BCONN | E29: =_xll.BC($A$29,"CAB") -> #BCONN | F29: =_xll.BC($A$29,"CNG") -> #BCONN | G29: =_xll.BC($A$29,"NEG") -> #BCONN
A30: DI1F28 | B30: =_xll.BC($A$30,"DAJ") -> #BCONN | C30: =_xll.BC($A$30,"AJUT") -> #BCONN | D30: =_xll.BC($A$30,"AJU") -> #BCONN | E30: =_xll.BC($A$30,"CAB") -> #BCONN | F30: =_xll.BC($A$30,"CNG") -> #BCONN | G30: =_xll.BC($A$30,"NEG") -> #BCONN
A31: DI1F29 | B31: =_xll.BC($A$31,"DAJ") -> #BCONN | C31: =_xll.BC($A$31,"AJUT") -> #BCONN | D31: =_xll.BC($A$31,"AJU") -> #BCONN | E31: =_xll.BC($A$31,"CAB") -> #BCONN | F31: =_xll.BC($A$31,"CNG") -> #BCONN | G31: =_xll.BC($A$31,"NEG") -> #BCONN
A32: DI1F30 | B32: =_xll.BC($A$32,"DAJ") -> #BCONN | C32: =_xll.BC($A$32,"AJUT") -> #BCONN | D32: =_xll.BC($A$32,"AJU") -> #BCONN | E32: =_xll.BC($A$32,"CAB") -> #BCONN | F32: =_xll.BC($A$32,"CNG") -> #BCONN | G32: =_xll.BC($A$32,"NEG") -> #BCONN
A33: DI1F31 | B33: =_xll.BC($A$33,"DAJ") -> #BCONN | C33: =_xll.BC($A$33,"AJUT") -> #BCONN | D33: =_xll.BC($A$33,"AJU") -> #BCONN | E33: =_xll.BC($A$33,"CAB") -> #BCONN | F33: =_xll.BC($A$33,"CNG") -> #BCONN | G33: =_xll.BC($A$33,"NEG") -> #BCONN
A34: DI1F32 | B34: =_xll.BC($A$34,"DAJ") -> #BCONN | C34: =_xll.BC($A$34,"AJUT") -> #BCONN | D34: =_xll.BC($A$34,"AJU") -> #BCONN | E34: =_xll.BC($A$34,"CAB") -> #BCONN | F34: =_xll.BC($A$34,"CNG") -> #BCONN | G34: =_xll.BC($A$34,"NEG") -> #BCONN
A35: DI1F33 | B35: =_xll.BC($A$35,"DAJ") -> #BCONN | C35: =_xll.BC($A$35,"AJUT") -> #BCONN | D35: =_xll.BC($A$35,"AJU") -> #BCONN | E35: =_xll.BC($A$35,"CAB") -> #BCONN | F35: =_xll.BC($A$35,"CNG") -> #BCONN | G35: =_xll.BC($A$35,"NEG") -> #BCONN
A36: DI1F34 | B36: =_xll.BC($A$36,"DAJ") -> #BCONN | C36: =_xll.BC($A$36,"AJUT") -> #BCONN | D36: =_xll.BC($A$36,"AJU") -> #BCONN | E36: =_xll.BC($A$36,"CAB") -> #BCONN | F36: =_xll.BC($A$36,"CNG") -> #BCONN | G36: =_xll.BC($A$36,"NEG") -> #BCONN
A37: DI1F35 | B37: =_xll.BC($A$37,"DAJ") -> #BCONN | C37: =_xll.BC($A$37,"AJUT") -> #BCONN | D37: =_xll.BC($A$37,"AJU") -> #BCONN | E37: =_xll.BC($A$37,"CAB") -> #BCONN | F37: =_xll.BC($A$37,"CNG") -> #BCONN | G37: =_xll.BC($A$37,"NEG") -> #BCONN
A38: DI1F36 | B38: =_xll.BC($A$38,"DAJ") -> #BCONN | C38: =_xll.BC($A$38,"AJUT") -> #BCONN | D38: =_xll.BC($A$38,"AJU") -> #BCONN | E38: =_xll.BC($A$38,"CAB") -> #BCONN | F38: =_xll.BC($A$38,"CNG") -> #BCONN | G38: =_xll.BC($A$38,"NEG") -> #BCONN
A39: DI1F37 | B39: =_xll.BC($A$39,"DAJ") -> #BCONN | C39: =_xll.BC($A$39,"AJUT") -> #BCONN | D39: =_xll.BC($A$39,"AJU") -> #BCONN | E39: =_xll.BC($A$39,"CAB") -> #BCONN | F39: =_xll.BC($A$39,"CNG") -> #BCONN | G39: =_xll.BC($A$39,"NEG") -> #BCONN

Sheet FRC
A1: Ativo | B1: DAJ | C1: AJUT | D1: AJU | E1: CAB | F1: CNG | G1: NEG
A2: FRCQ22 | B2: =_xll.BC($A$2,"DAJ") -> #BCONN | C2: =_xll.BC($A$2,"AJUT") -> #BCONN | D2: =_xll.BC($A$2,"AJU") -> #BCONN | E2: =_xll.BC($A$2,"CAB") -> #BCONN | F2: =_xll.BC($A$2,"CNG") -> #BCONN | G2: =_xll.BC($A$2,"NEG") -> #BCONN
A3: FRCU22 | B3: =_xll.BC($A$3,"DAJ") -> #BCONN | C3: =_xll.BC($A$3,"AJUT") -> #BCONN | D3: =_xll.BC($A$3,"AJU") -> #BCONN | E3: =_xll.BC($A$3,"CAB") -> #BCONN | F3: =_xll.BC($A$3,"CNG") -> #BCONN | G3: =_xll.BC($A$3,"NEG") -> #BCONN
A4: FRCV22 | B4: =_xll.BC($A$4,"DAJ") -> #BCONN | C4: =_xll.BC($A$4,"AJUT") -> #BCONN | D4: =_xll.BC($A$4,"AJU") -> #BCONN | E4: =_xll.BC($A$4,"CAB") -> #BCONN | F4: =_xll.BC($A$4,"CNG") -> #BCONN | G4: =_xll.BC($A$4,"NEG") -> #BCONN
A5: FRCX22 | B5: =_xll.BC($A$5,"DAJ") -> #BCONN | C5: =_xll.BC($A$5,"AJUT") -> #BCONN | D5: =_xll.BC($A$5,"AJU") -> #BCONN | E5: =_xll.BC($A$5,"CAB") -> #BCONN | F5: =_xll.BC($A$5,"CNG") -> #BCONN | G5: =_xll.BC($A$5,"NEG") -> #BCONN
A6: FRCZ22 | B6: =_xll.BC($A$6,"DAJ") -> #BCONN | C6: =_xll.BC($A$6,"AJUT") -> #BCONN | D6: =_xll.BC($A$6,"AJU") -> #BCONN | E6: =_xll.BC($A$6,"CAB") -> #BCONN | F6: =_xll.BC($A$6,"CNG") -> #BCONN | G6: =_xll.BC($A$6,"NEG") -> #BCONN
A7: FRCF23 | B7: =_xll.BC($A$7,"DAJ") -> #BCONN | C7: =_xll.BC($A$7,"AJUT") -> #BCONN | D7: =_xll.BC($A$7,"AJU") -> #BCONN | E7: =_xll.BC($A$7,"CAB") -> #BCONN | F7: =_xll.BC($A$7,"CNG") -> #BCONN | G7: =_xll.BC($A$7,"NEG") -> #BCONN
A8: FRCG23 | B8: =_xll.BC($A$8,"DAJ") -> #BCONN | C8: =_xll.BC($A$8,"AJUT") -> #BCONN | D8: =_xll.BC($A$8,"AJU") -> #BCONN | E8: =_xll.BC($A$8,"CAB") -> #BCONN | F8: =_xll.BC($A$8,"CNG") -> #BCONN | G8: =_xll.BC($A$8,"NEG") -> #BCONN
A9: FRCH23 | B9: =_xll.BC($A$9,"DAJ") -> #BCONN | C9: =_xll.BC($A$9,"AJUT") -> #BCONN | D9: =_xll.BC($A$9,"AJU") -> #BCONN | E9: =_xll.BC($A$9,"CAB") -> #BCONN | F9: =_xll.BC($A$9,"CNG") -> #BCONN | G9: =_xll.BC($A$9,"NEG") -> #BCONN
A10: FRCJ23 | B10: =_xll.BC($A$10,"DAJ") -> #BCONN | C10: =_xll.BC($A$10,"AJUT") -> #BCONN | D10: =_xll.BC($A$10,"AJU") -> #BCONN | E10: =_xll.BC($A$10,"CAB") -> #BCONN | F10: =_xll.BC($A$10,"CNG") -> #BCONN | G10: =_xll.BC($A$10,"NEG") -> #BCONN
A11: FRCK23 | B11: =_xll.BC($A$11,"DAJ") -> #BCONN | C11: =_xll.BC($A$11,"AJUT") -> #BCONN | D11: =_xll.BC($A$11,"AJU") -> #BCONN | E11: =_xll.BC($A$11,"CAB") -> #BCONN | F11: =_xll.BC($A$11,"CNG") -> #BCONN | G11: =_xll.BC($A$11,"NEG") -> #BCONN
A12: FRCM23 | B12: =_xll.BC($A$12,"DAJ") -> #BCONN | C12: =_xll.BC($A$12,"AJUT") -> #BCONN | D12: =_xll.BC($A$12,"AJU") -> #BCONN | E12: =_xll.BC($A$12,"CAB") -> #BCONN | F12: =_xll.BC($A$12,"CNG") -> #BCONN | G12: =_xll.BC($A$12,"NEG") -> #BCONN
A13: FRCN23 | B13: =_xll.BC($A$13,"DAJ") -> #BCONN | C13: =_xll.BC($A$13,"AJUT") -> #BCONN | D13: =_xll.BC($A$13,"AJU") -> #BCONN | E13: =_xll.BC($A$13,"CAB") -> #BCONN | F13: =_xll.BC($A$13,"CNG") -> #BCONN | G13: =_xll.BC($A$13,"NEG") -> #BCONN
A14: FRCV23 | B14: =_xll.BC($A$14,"DAJ") -> #BCONN | C14: =_xll.BC($A$14,"AJUT") -> #BCONN | D14: =_xll.BC($A$14,"AJU") -> #BCONN | E14: =_xll.BC($A$14,"CAB") -> #BCONN | F14: =_xll.BC($A$14,"CNG") -> #BCONN | G14: =_xll.BC($A$14,"NEG") -> #BCONN
A15: FRCF24 | B15: =_xll.BC($A$15,"DAJ") -> #BCONN | C15: =_xll.BC($A$15,"AJUT") -> #BCONN | D15: =_xll.BC($A$15,"AJU") -> #BCONN | E15: =_xll.BC($A$15,"CAB") -> #BCONN | F15: =_xll.BC($A$15,"CNG") -> #BCONN | G15: =_xll.BC($A$15,"NEG") -> #BCONN
A16: FRCJ24 | B16: =_xll.BC($A$16,"DAJ") -> #BCONN | C16: =_xll.BC($A$16,"AJUT") -> #BCONN | D16: =_xll.BC($A$16,"AJU") -> #BCONN | E16: =_xll.BC($A$16,"CAB") -> #BCONN | F16: =_xll.BC($A$16,"CNG") -> #BCONN | G16: =_xll.BC($A$16,"NEG") -> #BCONN
A17: FRCN24 | B17: =_xll.BC($A$17,"DAJ") -> #BCONN | C17: =_xll.BC($A$17,"AJUT") -> #BCONN | D17: =_xll.BC($A$17,"AJU") -> #BCONN | E17: =_xll.BC($A$17,"CAB") -> #BCONN | F17: =_xll.BC($A$17,"CNG") -> #BCONN | G17: =_xll.BC($A$17,"NEG") -> #BCONN
A18: FRCV24 | B18: =_xll.BC($A$18,"DAJ") -> #BCONN | C18: =_xll.BC($A$18,"AJUT") -> #BCONN | D18: =_xll.BC($A$18,"AJU") -> #BCONN | E18: =_xll.BC($A$18,"CAB") -> #BCONN | F18: =_xll.BC($A$18,"CNG") -> #BCONN | G18: =_xll.BC($A$18,"NEG") -> #BCONN
A19: FRCF25 | B19: =_xll.BC($A$19,"DAJ") -> #BCONN | C19: =_xll.BC($A$19,"AJUT") -> #BCONN | D19: =_xll.BC($A$19,"AJU") -> #BCONN | E19: =_xll.BC($A$19,"CAB") -> #BCONN | F19: =_xll.BC($A$19,"CNG") -> #BCONN | G19: =_xll.BC($A$19,"NEG") -> #BCONN
A20: FRCJ25 | B20: =_xll.BC($A$20,"DAJ") -> #BCONN | C20: =_xll.BC($A$20,"AJUT") -> #BCONN | D20: =_xll.BC($A$20,"AJU") -> #BCONN | E20: =_xll.BC($A$20,"CAB") -> #BCONN | F20: =_xll.BC($A$20,"CNG") -> #BCONN | G20: =_xll.BC($A$20,"NEG") -> #BCONN
A21: FRCN25 | B21: =_xll.BC($A$21,"DAJ") -> #BCONN | C21: =_xll.BC($A$21,"AJUT") -> #BCONN | D21: =_xll.BC($A$21,"AJU") -> #BCONN | E21: =_xll.BC($A$21,"CAB") -> #BCONN | F21: =_xll.BC($A$21,"CNG") -> #BCONN | G21: =_xll.BC($A$21,"NEG") -> #BCONN
A22: FRCV25 | B22: =_xll.BC($A$22,"DAJ") -> #BCONN | C22: =_xll.BC($A$22,"AJUT") -> #BCONN | D22: =_xll.BC($A$22,"AJU") -> #BCONN | E22: =_xll.BC($A$22,"CAB") -> #BCONN | F22: =_xll.BC($A$22,"CNG") -> #BCONN | G22: =_xll.BC($A$22,"NEG") -> #BCONN
A23: FRCF26 | B23: =_xll.BC($A$23,"DAJ") -> #BCONN | C23: =_xll.BC($A$23,"AJUT") -> #BCONN | D23: =_xll.BC($A$23,"AJU") -> #BCONN | E23: =_xll.BC($A$23,"CAB") -> #BCONN | F23: =_xll.BC($A$23,"CNG") -> #BCONN | G23: =_xll.BC($A$23,"NEG") -> #BCONN
A24: FRCJ26 | B24: =_xll.BC($A$24,"DAJ") -> #BCONN | C24: =_xll.BC($A$24,"AJUT") -> #BCONN | D24: =_xll.BC($A$24,"AJU") -> #BCONN | E24: =_xll.BC($A$24,"CAB") -> #BCONN | F24: =_xll.BC($A$24,"CNG") -> #BCONN | G24: =_xll.BC($A$24,"NEG") -> #BCONN
A25: FRCN26 | B25: =_xll.BC($A$25,"DAJ") -> #BCONN | C25: =_xll.BC($A$25,"AJUT") -> #BCONN | D25: =_xll.BC($A$25,"AJU") -> #BCONN | E25: =_xll.BC($A$25,"CAB") -> #BCONN | F25: =_xll.BC($A$25,"CNG") -> #BCONN | G25: =_xll.BC($A$25,"NEG") -> #BCONN
A26: FRCV26 | B26: =_xll.BC($A$26,"DAJ") -> #BCONN | C26: =_xll.BC($A$26,"AJUT") -> #BCONN | D26: =_xll.BC($A$26,"AJU") -> #BCONN | E26: =_xll.BC($A$26,"CAB") -> #BCONN | F26: =_xll.BC($A$26,"CNG") -> #BCONN | G26: =_xll.BC($A$26,"NEG") -> #BCONN
A27: FRCF27 | B27: =_xll.BC($A$27,"DAJ") -> #BCONN | C27: =_xll.BC($A$27,"AJUT") -> #BCONN | D27: =_xll.BC($A$27,"AJU") -> #BCONN | E27: =_xll.BC($A$27,"CAB") -> #BCONN | F27: =_xll.BC($A$27,"CNG") -> #BCONN | G27: =_xll.BC($A$27,"NEG") -> #BCONN
A28: FRCJ27 | B28: =_xll.BC($A$28,"DAJ") -> #BCONN | C28: =_xll.BC($A$28,"AJUT") -> #BCONN | D28: =_xll.BC($A$28,"AJU") -> #BCONN | E28: =_xll.BC($A$28,"CAB") -> #BCONN | F28: =_xll.BC($A$28,"CNG") -> #BCONN | G28: =_xll.BC($A$28,"NEG") -> #BCONN
A29: FRCN27 | B29: =_xll.BC($A$29,"DAJ") -> #BCONN | C29: =_xll.BC($A$29,"AJUT") -> #BCONN | D29: =_xll.BC($A$29,"AJU") -> #BCONN | E29: =_xll.BC($A$29,"CAB") -> #BCONN | F29: =_xll.BC($A$29,"CNG") -> #BCONN | G29: =_xll.BC($A$29,"NEG") -> #BCONN
A30: FRCF28 | B30: =_xll.BC($A$30,"DAJ") -> #BCONN | C30: =_xll.BC($A$30,"AJUT") -> #BCONN | D30: =_xll.BC($A$30,"AJU") -> #BCONN | E30: =_xll.BC($A$30,"CAB") -> #BCONN | F30: =_xll.BC($A$30,"CNG") -> #BCONN | G30: =_xll.BC($A$30,"NEG") -> #BCONN
A31: FRCF29 | B31: =_xll.BC($A$31,"DAJ") -> #BCONN | C31: =_xll.BC($A$31,"AJUT") -> #BCONN | D31: =_xll.BC($A$31,"AJU") -> #BCONN | E31: =_xll.BC($A$31,"CAB") -> #BCONN | F31: =_xll.BC($A$31,"CNG") -> #BCONN | G31: =_xll.BC($A$31,"NEG") -> #BCONN
A32: FRCF30 | B32: =_xll.BC($A$32,"DAJ") -> #BCONN | C32: =_xll.BC($A$32,"AJUT") -> #BCONN | D32: =_xll.BC($A$32,"AJU") -> #BCONN | E32: =_xll.BC($A$32,"CAB") -> #BCONN | F32: =_xll.BC($A$32,"CNG") -> #BCONN | G32: =_xll.BC($A$32,"NEG") -> #BCONN
A33: FRCF31 | B33: =_xll.BC($A$33,"DAJ") -> #BCONN | C33: =_xll.BC($A$33,"AJUT") -> #BCONN | D33: =_xll.BC($A$33,"AJU") -> #BCONN | E33: =_xll.BC($A$33,"CAB") -> #BCONN | F33: =_xll.BC($A$33,"CNG") -> #BCONN | G33: =_xll.BC($A$33,"NEG") -> #BCONN
A34: FRCF32 | B34: =_xll.BC($A$34,"DAJ") -> #BCONN | C34: =_xll.BC($A$34,"AJUT") -> #BCONN | D34: =_xll.BC($A$34,"AJU") -> #BCONN | E34: =_xll.BC($A$34,"CAB") -> #BCONN | F34: =_xll.BC($A$34,"CNG") -> #BCONN | G34: =_xll.BC($A$34,"NEG") -> #BCONN
A35: FRCF33 | B35: =_xll.BC($A$35,"DAJ") -> #BCONN | C35: =_xll.BC($A$35,"AJUT") -> #BCONN | D35: =_xll.BC($A$35,"AJU") -> #BCONN | E35: =_xll.BC($A$35,"CAB") -> #BCONN | F35: =_xll.BC($A$35,"CNG") -> #BCONN | G35: =_xll.BC($A$35,"NEG") -> #BCONN
A36: FRCF34 | B36: =_xll.BC($A$36,"DAJ") -> #BCONN | C36: =_xll.BC($A$36,"AJUT") -> #BCONN | D36: =_xll.BC($A$36,"AJU") -> #BCONN | E36: =_xll.BC($A$36,"CAB") -> #BCONN | F36: =_xll.BC($A$36,"CNG") -> #BCONN | G36: =_xll.BC($A$36,"NEG") -> #BCONN
A37: FRCF35 | B37: =_xll.BC($A$37,"DAJ") -> #BCONN | C37: =_xll.BC($A$37,"AJUT") -> #BCONN | D37: =_xll.BC($A$37,"AJU") -> #BCONN | E37: =_xll.BC($A$37,"CAB") -> #BCONN | F37: =_xll.BC($A$37,"CNG") -> #BCONN | G37: =_xll.BC($A$37,"NEG") -> #BCONN
A38: FRCF36 | B38: =_xll.BC($A$38,"DAJ") -> #BCONN | C38: =_xll.BC($A$38,"AJUT") -> #BCONN | D38: =_xll.BC($A$38,"AJU") -> #BCONN | E38: =_xll.BC($A$38,"CAB") -> #BCONN | F38: =_xll.BC($A$38,"CNG") -> #BCONN | G38: =_xll.BC($A$38,"NEG") -> #BCONN
A39: FRCF37 | B39: =_xll.BC($A$39,"DAJ") -> #BCONN | C39: =_xll.BC($A$39,"AJUT") -> #BCONN | D39: =_xll.BC($A$39,"AJU") -> #BCONN | E39: =_xll.BC($A$39,"CAB") -> #BCONN | F39: =_xll.BC($A$39,"CNG") -> #BCONN | G39: =_xll.BC($A$39,"NEG") -> #BCONN

Sheet DDI Future
A1: Ativo | B1: DAJ | C1: AJUT | D1: AJU | E1: CAB | F1: CNG | G1: NEG
A2: DDIQ22 | B2: =_xll.BC($A$2,"DAJ") -> #BCONN | C2: =_xll.BC($A$2,"AJUT") -> #BCONN | D2: =_xll.BC($A$2,"AJU") -> #BCONN | E2: =_xll.BC($A$2,"CAB") -> #BCONN | F2: =_xll.BC($A$2,"CNG") -> #BCONN | G2: =_xll.BC($A$2,"NEG") -> #BCONN
A3: DDIU22 | B3: =_xll.BC($A$3,"DAJ") -> #BCONN | C3: =_xll.BC($A$3,"AJUT") -> #BCONN | D3: =_xll.BC($A$3,"AJU") -> #BCONN | E3: =_xll.BC($A$3,"CAB") -> #BCONN | F3: =_xll.BC($A$3,"CNG") -> #BCONN | G3: =_xll.BC($A$3,"NEG") -> #BCONN
A4: DDIV22 | B4: =_xll.BC($A$4,"DAJ") -> #BCONN | C4: =_xll.BC($A$4,"AJUT") -> #BCONN | D4: =_xll.BC($A$4,"AJU") -> #BCONN | E4: =_xll.BC($A$4,"CAB") -> #BCONN | F4: =_xll.BC($A$4,"CNG") -> #BCONN | G4: =_xll.BC($A$4,"NEG") -> #BCONN
A5: DDIX22 | B5: =_xll.BC($A$5,"DAJ") -> #BCONN | C5: =_xll.BC($A$5,"AJUT") -> #BCONN | D5: =_xll.BC($A$5,"AJU") -> #BCONN | E5: =_xll.BC($A$5,"CAB") -> #BCONN | F5: =_xll.BC($A$5,"CNG") -> #BCONN | G5: =_xll.BC($A$5,"NEG") -> #BCONN
A6: DDIZ22 | B6: =_xll.BC($A$6,"DAJ") -> #BCONN | C6: =_xll.BC($A$6,"AJUT") -> #BCONN | D6: =_xll.BC($A$6,"AJU") -> #BCONN | E6: =_xll.BC($A$6,"CAB") -> #BCONN | F6: =_xll.BC($A$6,"CNG") -> #BCONN | G6: =_xll.BC($A$6,"NEG") -> #BCONN
A7: DDIF23 | B7: =_xll.BC($A$7,"DAJ") -> #BCONN | C7: =_xll.BC($A$7,"AJUT") -> #BCONN | D7: =_xll.BC($A$7,"AJU") -> #BCONN | E7: =_xll.BC($A$7,"CAB") -> #BCONN | F7: =_xll.BC($A$7,"CNG") -> #BCONN | G7: =_xll.BC($A$7,"NEG") -> #BCONN
A8: DDIG23 | B8: =_xll.BC($A$8,"DAJ") -> #BCONN | C8: =_xll.BC($A$8,"AJUT") -> #BCONN | D8: =_xll.BC($A$8,"AJU") -> #BCONN | E8: =_xll.BC($A$8,"CAB") -> #BCONN | F8: =_xll.BC($A$8,"CNG") -> #BCONN | G8: =_xll.BC($A$8,"NEG") -> #BCONN
A9: DDIH23 | B9: =_xll.BC($A$9,"DAJ") -> #BCONN | C9: =_xll.BC($A$9,"AJUT") -> #BCONN | D9: =_xll.BC($A$9,"AJU") -> #BCONN | E9: =_xll.BC($A$9,"CAB") -> #BCONN | F9: =_xll.BC($A$9,"CNG") -> #BCONN | G9: =_xll.BC($A$9,"NEG") -> #BCONN
A10: DDIJ23 | B10: =_xll.BC($A$10,"DAJ") -> #BCONN | C10: =_xll.BC($A$10,"AJUT") -> #BCONN | D10: =_xll.BC($A$10,"AJU") -> #BCONN | E10: =_xll.BC($A$10,"CAB") -> #BCONN | F10: =_xll.BC($A$10,"CNG") -> #BCONN | G10: =_xll.BC($A$10,"NEG") -> #BCONN
A11: DDIK23 | B11: =_xll.BC($A$11,"DAJ") -> #BCONN | C11: =_xll.BC($A$11,"AJUT") -> #BCONN | D11: =_xll.BC($A$11,"AJU") -> #BCONN | E11: =_xll.BC($A$11,"CAB") -> #BCONN | F11: =_xll.BC($A$11,"CNG") -> #BCONN | G11: =_xll.BC($A$11,"NEG") -> #BCONN
A12: DDIM23 | B12: =_xll.BC($A$12,"DAJ") -> #BCONN | C12: =_xll.BC($A$12,"AJUT") -> #BCONN | D12: =_xll.BC($A$12,"AJU") -> #BCONN | E12: =_xll.BC($A$12,"CAB") -> #BCONN | F12: =_xll.BC($A$12,"CNG") -> #BCONN | G12: =_xll.BC($A$12,"NEG") -> #BCONN
A13: DDIN23 | B13: =_xll.BC($A$13,"DAJ") -> #BCONN | C13: =_xll.BC($A$13,"AJUT") -> #BCONN | D13: =_xll.BC($A$13,"AJU") -> #BCONN | E13: =_xll.BC($A$13,"CAB") -> #BCONN | F13: =_xll.BC($A$13,"CNG") -> #BCONN | G13: =_xll.BC($A$13,"NEG") -> #BCONN
A14: DDIV23 | B14: =_xll.BC($A$14,"DAJ") -> #BCONN | C14: =_xll.BC($A$14,"AJUT") -> #BCONN | D14: =_xll.BC($A$14,"AJU") -> #BCONN | E14: =_xll.BC($A$14,"CAB") -> #BCONN | F14: =_xll.BC($A$14,"CNG") -> #BCONN | G14: =_xll.BC($A$14,"NEG") -> #BCONN
A15: DDIF24 | B15: =_xll.BC($A$15,"DAJ") -> #BCONN | C15: =_xll.BC($A$15,"AJUT") -> #BCONN | D15: =_xll.BC($A$15,"AJU") -> #BCONN | E15: =_xll.BC($A$15,"CAB") -> #BCONN | F15: =_xll.BC($A$15,"CNG") -> #BCONN | G15: =_xll.BC($A$15,"NEG") -> #BCONN
A16: DDIJ24 | B16: =_xll.BC($A$16,"DAJ") -> #BCONN | C16: =_xll.BC($A$16,"AJUT") -> #BCONN | D16: =_xll.BC($A$16,"AJU") -> #BCONN | E16: =_xll.BC($A$16,"CAB") -> #BCONN | F16: =_xll.BC($A$16,"CNG") -> #BCONN | G16: =_xll.BC($A$16,"NEG") -> #BCONN
A17: DDIN24 | B17: =_xll.BC($A$17,"DAJ") -> #BCONN | C17: =_xll.BC($A$17,"AJUT") -> #BCONN | D17: =_xll.BC($A$17,"AJU") -> #BCONN | E17: =_xll.BC($A$17,"CAB") -> #BCONN | F17: =_xll.BC($A$17,"CNG") -> #BCONN | G17: =_xll.BC($A$17,"NEG") -> #BCONN
A18: DDIV24 | B18: =_xll.BC($A$18,"DAJ") -> #BCONN | C18: =_xll.BC($A$18,"AJUT") -> #BCONN | D18: =_xll.BC($A$18,"AJU") -> #BCONN | E18: =_xll.BC($A$18,"CAB") -> #BCONN | F18: =_xll.BC($A$18,"CNG") -> #BCONN | G18: =_xll.BC($A$18,"NEG") -> #BCONN
A19: DDIF25 | B19: =_xll.BC($A$19,"DAJ") -> #BCONN | C19: =_xll.BC($A$19,"AJUT") -> #BCONN | D19: =_xll.BC($A$19,"AJU") -> #BCONN | E19: =_xll.BC($A$19,"CAB") -> #BCONN | F19: =_xll.BC($A$19,"CNG") -> #BCONN | G19: =_xll.BC($A$19,"NEG") -> #BCONN
A20: DDIJ25 | B20: =_xll.BC($A$20,"DAJ") -> #BCONN | C20: =_xll.BC($A$20,"AJUT") -> #BCONN | D20: =_xll.BC($A$20,"AJU") -> #BCONN | E20: =_xll.BC($A$20,"CAB") -> #BCONN | F20: =_xll.BC($A$20,"CNG") -> #BCONN | G20: =_xll.BC($A$20,"NEG") -> #BCONN
A21: DDIN25 | B21: =_xll.BC($A$21,"DAJ") -> #BCONN | C21: =_xll.BC($A$21,"AJUT") -> #BCONN | D21: =_xll.BC($A$21,"AJU") -> #BCONN | E21: =_xll.BC($A$21,"CAB") -> #BCONN | F21: =_xll.BC($A$21,"CNG") -> #BCONN | G21: =_xll.BC($A$21,"NEG") -> #BCONN
A22: DDIV25 | B22: =_xll.BC($A$22,"DAJ") -> #BCONN | C22: =_xll.BC($A$22,"AJUT") -> #BCONN | D22: =_xll.BC($A$22,"AJU") -> #BCONN | E22: =_xll.BC($A$22,"CAB") -> #BCONN | F22: =_xll.BC($A$22,"CNG") -> #BCONN | G22: =_xll.BC($A$22,"NEG") -> #BCONN
A23: DDIF26 | B23: =_xll.BC($A$23,"DAJ") -> #BCONN | C23: =_xll.BC($A$23,"AJUT") -> #BCONN | D23: =_xll.BC($A$23,"AJU") -> #BCONN | E23: =_xll.BC($A$23,"CAB") -> #BCONN | F23: =_xll.BC($A$23,"CNG") -> #BCONN | G23: =_xll.BC($A$23,"NEG") -> #BCONN
A24: DDIJ26 | B24: =_xll.BC($A$24,"DAJ") -> #BCONN | C24: =_xll.BC($A$24,"AJUT") -> #BCONN | D24: =_xll.BC($A$24,"AJU") -> #BCONN | E24: =_xll.BC($A$24,"CAB") -> #BCONN | F24: =_xll.BC($A$24,"CNG") -> #BCONN | G24: =_xll.BC($A$24,"NEG") -> #BCONN
A25: DDIN26 | B25: =_xll.BC($A$25,"DAJ") -> #BCONN | C25: =_xll.BC($A$25,"AJUT") -> #BCONN | D25: =_xll.BC($A$25,"AJU") -> #BCONN | E25: =_xll.BC($A$25,"CAB") -> #BCONN | F25: =_xll.BC($A$25,"CNG") -> #BCONN | G25: =_xll.BC($A$25,"NEG") -> #BCONN
A26: DDIV26 | B26: =_xll.BC($A$26,"DAJ") -> #BCONN | C26: =_xll.BC($A$26,"AJUT") -> #BCONN | D26: =_xll.BC($A$26,"AJU") -> #BCONN | E26: =_xll.BC($A$26,"CAB") -> #BCONN | F26: =_xll.BC($A$26,"CNG") -> #BCONN | G26: =_xll.BC($A$26,"NEG") -> #BCONN
A27: DDIF27 | B27: =_xll.BC($A$27,"DAJ") -> #BCONN | C27: =_xll.BC($A$27,"AJUT") -> #BCONN | D27: =_xll.BC($A$27,"AJU") -> #BCONN | E27: =_xll.BC($A$27,"CAB") -> #BCONN | F27: =_xll.BC($A$27,"CNG") -> #BCONN | G27: =_xll.BC($A$27,"NEG") -> #BCONN
A28: DDIJ27 | B28: =_xll.BC($A$28,"DAJ") -> #BCONN | C28: =_xll.BC($A$28,"AJUT") -> #BCONN | D28: =_xll.BC($A$28,"AJU") -> #BCONN | E28: =_xll.BC($A$28,"CAB") -> #BCONN | F28: =_xll.BC($A$28,"CNG") -> #BCONN | G28: =_xll.BC($A$28,"NEG") -> #BCONN
A29: DDIN27 | B29: =_xll.BC($A$29,"DAJ") -> #BCONN | C29: =_xll.BC($A$29,"AJUT") -> #BCONN | D29: =_xll.BC($A$29,"AJU") -> #BCONN | E29: =_xll.BC($A$29,"CAB") -> #BCONN | F29: =_xll.BC($A$29,"CNG") -> #BCONN | G29: =_xll.BC($A$29,"NEG") -> #BCONN
A30: DDIF28 | B30: =_xll.BC($A$30,"DAJ") -> #BCONN | C30: =_xll.BC($A$30,"AJUT") -> #BCONN | D30: =_xll.BC($A$30,"AJU") -> #BCONN | E30: =_xll.BC($A$30,"CAB") -> #BCONN | F30: =_xll.BC($A$30,"CNG") -> #BCONN | G30: =_xll.BC($A$30,"NEG") -> #BCONN
A31: DDIF29 | B31: =_xll.BC($A$31,"DAJ") -> #BCONN | C31: =_xll.BC($A$31,"AJUT") -> #BCONN | D31: =_xll.BC($A$31,"AJU") -> #BCONN | E31: =_xll.BC($A$31,"CAB") -> #BCONN | F31: =_xll.BC($A$31,"CNG") -> #BCONN | G31: =_xll.BC($A$31,"NEG") -> #BCONN
A32: DDIF30 | B32: =_xll.BC($A$32,"DAJ") -> #BCONN | C32: =_xll.BC($A$32,"AJUT") -> #BCONN | D32: =_xll.BC($A$32,"AJU") -> #BCONN | E32: =_xll.BC($A$32,"CAB") -> #BCONN | F32: =_xll.BC($A$32,"CNG") -> #BCONN | G32: =_xll.BC($A$32,"NEG") -> #BCONN
A33: DDIF31 | B33: =_xll.BC($A$33,"DAJ") -> #BCONN | C33: =_xll.BC($A$33,"AJUT") -> #BCONN | D33: =_xll.BC($A$33,"AJU") -> #BCONN | E33: =_xll.BC($A$33,"CAB") -> #BCONN | F33: =_xll.BC($A$33,"CNG") -> #BCONN | G33: =_xll.BC($A$33,"NEG") -> #BCONN
A34: DDIF32 | B34: =_xll.BC($A$34,"DAJ") -> #BCONN | C34: =_xll.BC($A$34,"AJUT") -> #BCONN | D34: =_xll.BC($A$34,"AJU") -> #BCONN | E34: =_xll.BC($A$34,"CAB") -> #BCONN | F34: =_xll.BC($A$34,"CNG") -> #BCONN | G34: =_xll.BC($A$34,"NEG") -> #BCONN
A35: DDIF33 | B35: =_xll.BC($A$35,"DAJ") -> #BCONN | C35: =_xll.BC($A$35,"AJUT") -> #BCONN | D35: =_xll.BC($A$35,"AJU") -> #BCONN | E35: =_xll.BC($A$35,"CAB") -> #BCONN | F35: =_xll.BC($A$35,"CNG") -> #BCONN | G35: =_xll.BC($A$35,"NEG") -> #BCONN
A36: DDIF34 | B36: =_xll.BC($A$36,"DAJ") -> #BCONN | C36: =_xll.BC($A$36,"AJUT") -> #BCONN | D36: =_xll.BC($A$36,"AJU") -> #BCONN | E36: =_xll.BC($A$36,"CAB") -> #BCONN | F36: =_xll.BC($A$36,"CNG") -> #BCONN | G36: =_xll.BC($A$36,"NEG") -> #BCONN
A37: DDIF35 | B37: =_xll.BC($A$37,"DAJ") -> #BCONN | C37: =_xll.BC($A$37,"AJUT") -> #BCONN | D37: =_xll.BC($A$37,"AJU") -> #BCONN | E37: =_xll.BC($A$37,"CAB") -> #BCONN | F37: =_xll.BC($A$37,"CNG") -> #BCONN | G37: =_xll.BC($A$37,"NEG") -> #BCONN
A38: DDIF36 | B38: =_xll.BC($A$38,"DAJ") -> #BCONN | C38: =_xll.BC($A$38,"AJUT") -> #BCONN | D38: =_xll.BC($A$38,"AJU") -> #BCONN | E38: =_xll.BC($A$38,"CAB") -> #BCONN | F38: =_xll.BC($A$38,"CNG") -> #BCONN | G38: =_xll.BC($A$38,"NEG") -> #BCONN
A39: DDIF37 | B39: =_xll.BC($A$39,"DAJ") -> #BCONN | C39: =_xll.BC($A$39,"AJUT") -> #BCONN | D39: =_xll.BC($A$39,"AJU") -> #BCONN | E39: =_xll.BC($A$39,"CAB") -> #BCONN | F39: =_xll.BC($A$39,"CNG") -> #BCONN | G39: =_xll.BC($A$39,"NEG") -> #BCONN

Sheet DAP Future
A1: Ativo | B1: DAJ | C1: AJUT | D1: AJU | E1: CAB | F1: CNG | G1: NEG
A2: DAPQ22 | B2: =_xll.BC($A$2,"DAJ") -> #BCONN | C2: =_xll.BC($A$2,"AJUT") -> #BCONN | D2: =_xll.BC($A$2,"AJU") -> #BCONN | E2: =_xll.BC($A$2,"CAB") -> #BCONN | F2: =_xll.BC($A$2,"CNG") -> #BCONN | G2: =_xll.BC($A$2,"NEG") -> #BCONN
A3: DAPU22 | B3: =_xll.BC($A$3,"DAJ") -> #BCONN | C3: =_xll.BC($A$3,"AJUT") -> #BCONN | D3: =_xll.BC($A$3,"AJU") -> #BCONN | E3: =_xll.BC($A$3,"CAB") -> #BCONN | F3: =_xll.BC($A$3,"CNG") -> #BCONN | G3: =_xll.BC($A$3,"NEG") -> #BCONN
A4: DAPF23 | B4: =_xll.BC($A$4,"DAJ") -> #BCONN | C4: =_xll.BC($A$4,"AJUT") -> #BCONN | D4: =_xll.BC($A$4,"AJU") -> #BCONN | E4: =_xll.BC($A$4,"CAB") -> #BCONN | F4: =_xll.BC($A$4,"CNG") -> #BCONN | G4: =_xll.BC($A$4,"NEG") -> #BCONN
A5: DAPK23 | B5: =_xll.BC($A$5,"DAJ") -> #BCONN | C5: =_xll.BC($A$5,"AJUT") -> #BCONN | D5: =_xll.BC($A$5,"AJU") -> #BCONN | E5: =_xll.BC($A$5,"CAB") -> #BCONN | F5: =_xll.BC($A$5,"CNG") -> #BCONN | G5: =_xll.BC($A$5,"NEG") -> #BCONN
A6: DAPF24 | B6: =_xll.BC($A$6,"DAJ") -> #BCONN | C6: =_xll.BC($A$6,"AJUT") -> #BCONN | D6: =_xll.BC($A$6,"AJU") -> #BCONN | E6: =_xll.BC($A$6,"CAB") -> #BCONN | F6: =_xll.BC($A$6,"CNG") -> #BCONN | G6: =_xll.BC($A$6,"NEG") -> #BCONN
A7: DAPQ24 | B7: =_xll.BC($A$7,"DAJ") -> #BCONN | C7: =_xll.BC($A$7,"AJUT") -> #BCONN | D7: =_xll.BC($A$7,"AJU") -> #BCONN | E7: =_xll.BC($A$7,"CAB") -> #BCONN | F7: =_xll.BC($A$7,"CNG") -> #BCONN | G7: =_xll.BC($A$7,"NEG") -> #BCONN
A8: DAPK25 | B8: =_xll.BC($A$8,"DAJ") -> #BCONN | C8: =_xll.BC($A$8,"AJUT") -> #BCONN | D8: =_xll.BC($A$8,"AJU") -> #BCONN | E8: =_xll.BC($A$8,"CAB") -> #BCONN | F8: =_xll.BC($A$8,"CNG") -> #BCONN | G8: =_xll.BC($A$8,"NEG") -> #BCONN
A9: DAPQ26 | B9: =_xll.BC($A$9,"DAJ") -> #BCONN | C9: =_xll.BC($A$9,"AJUT") -> #BCONN | D9: =_xll.BC($A$9,"AJU") -> #BCONN | E9: =_xll.BC($A$9,"CAB") -> #BCONN | F9: =_xll.BC($A$9,"CNG") -> #BCONN | G9: =_xll.BC($A$9,"NEG") -> #BCONN
A10: DAPK27 | B10: =_xll.BC($A$10,"DAJ") -> #BCONN | C10: =_xll.BC($A$10,"AJUT") -> #BCONN | D10: =_xll.BC($A$10,"AJU") -> #BCONN | E10: =_xll.BC($A$10,"CAB") -> #BCONN | F10: =_xll.BC($A$10,"CNG") -> #BCONN | G10: =_xll.BC($A$10,"NEG") -> #BCONN
A11: DAPQ28 | B11: =_xll.BC($A$11,"DAJ") -> #BCONN | C11: =_xll.BC($A$11,"AJUT") -> #BCONN | D11: =_xll.BC($A$11,"AJU") -> #BCONN | E11: =_xll.BC($A$11,"CAB") -> #BCONN | F11: =_xll.BC($A$11,"CNG") -> #BCONN | G11: =_xll.BC($A$11,"NEG") -> #BCONN
A12: DAPQ30 | B12: =_xll.BC($A$12,"DAJ") -> #BCONN | C12: =_xll.BC($A$12,"AJUT") -> #BCONN | D12: =_xll.BC($A$12,"AJU") -> #BCONN | E12: =_xll.BC($A$12,"CAB") -> #BCONN | F12: =_xll.BC($A$12,"CNG") -> #BCONN | G12: =_xll.BC($A$12,"NEG") -> #BCONN
A13: DAPQ32 | B13: =_xll.BC($A$13,"DAJ") -> #BCONN | C13: =_xll.BC($A$13,"AJUT") -> #BCONN | D13: =_xll.BC($A$13,"AJU") -> #BCONN | E13: =_xll.BC($A$13,"CAB") -> #BCONN | F13: =_xll.BC($A$13,"CNG") -> #BCONN | G13: =_xll.BC($A$13,"NEG") -> #BCONN
A14: DAPK35 | B14: =_xll.BC($A$14,"DAJ") -> #BCONN | C14: =_xll.BC($A$14,"AJUT") -> #BCONN | D14: =_xll.BC($A$14,"AJU") -> #BCONN | E14: =_xll.BC($A$14,"CAB") -> #BCONN | F14: =_xll.BC($A$14,"CNG") -> #BCONN | G14: =_xll.BC($A$14,"NEG") -> #BCONN
A15: DAPQ40 | B15: =_xll.BC($A$15,"DAJ") -> #BCONN | C15: =_xll.BC($A$15,"AJUT") -> #BCONN | D15: =_xll.BC($A$15,"AJU") -> #BCONN | E15: =_xll.BC($A$15,"CAB") -> #BCONN | F15: =_xll.BC($A$15,"CNG") -> #BCONN | G15: =_xll.BC($A$15,"NEG") -> #BCONN
A16: DAPK45 | B16: =_xll.BC($A$16,"DAJ") -> #BCONN | C16: =_xll.BC($A$16,"AJUT") -> #BCONN | D16: =_xll.BC($A$16,"AJU") -> #BCONN | E16: =_xll.BC($A$16,"CAB") -> #BCONN | F16: =_xll.BC($A$16,"CNG") -> #BCONN | G16: =_xll.BC($A$16,"NEG") -> #BCONN
A17: DAPQ50 | B17: =_xll.BC($A$17,"DAJ") -> #BCONN | C17: =_xll.BC($A$17,"AJUT") -> #BCONN | D17: =_xll.BC($A$17,"AJU") -> #BCONN | E17: =_xll.BC($A$17,"CAB") -> #BCONN | F17: =_xll.BC($A$17,"CNG") -> #BCONN | G17: =_xll.BC($A$17,"NEG") -> #BCONN
A18: DAPK55 | B18: =_xll.BC($A$18,"DAJ") -> #BCONN | C18: =_xll.BC($A$18,"AJUT") -> #BCONN | D18: =_xll.BC($A$18,"AJU") -> #BCONN | E18: =_xll.BC($A$18,"CAB") -> #BCONN | F18: =_xll.BC($A$18,"CNG") -> #BCONN | G18: =_xll.BC($A$18,"NEG") -> #BCONN
A19: DAPQ60 | B19: =_xll.BC($A$19,"DAJ") -> #BCONN | C19: =_xll.BC($A$19,"AJUT") -> #BCONN | D19: =_xll.BC($A$19,"AJU") -> #BCONN | E19: =_xll.BC($A$19,"CAB") -> #BCONN | F19: =_xll.BC($A$19,"CNG") -> #BCONN | G19: =_xll.BC($A$19,"NEG") -> #BCONN

Sheet Rolagem
A1: Ativo | B1: Ativo | C1: DRF | D1: CNG | E1: NEG
A2: DR1@0 | B2: =_xll.BC($A2,B$1) -> #BCONN | C2: =_xll.BC($A2,C$1) -> #BCONN | D2: =_xll.BC($A2,D$1) -> #BCONN | E2: =_xll.BC($A2,E$1) -> #BCONN
A3: DR1@1 | B3: =_xll.BC($A3,B$1) -> #BCONN | C3: =_xll.BC($A3,C$1) -> #BCONN | D3: =_xll.BC($A3,D$1) -> #BCONN | E3: =_xll.BC($A3,E$1) -> #BCONN
